{
    "metrics": {
        "timeouts_measure_prompt{prompt_id:p08}": {
            "count": 15,
            "rate": 0.016666596523054467,
            "thresholds": {
                "count>=0": false
            }
        },
        "successes_measure_prompt{prompt_id:p10}": {
            "count": 34,
            "rate": 0.03777761878559013,
            "thresholds": {
                "count>=0": false
            }
        },
        "errors_total_measure": {
            "count": 269,
            "rate": 0.2988876309801101
        },
        "http_req_sending": {
            "avg": 0.0801048553386912,
            "min": 0.032406,
            "med": 0.077803,
            "max": 0.238859,
            "p(90)": 0.106927,
            "p(95)": 0.1211055
        },
        "successes_measure_prompt{prompt_id:p03}": {
            "count": 36,
            "rate": 0.03999983165533072,
            "thresholds": {
                "count>=0": false
            }
        },
        "successes_measure_prompt{prompt_id:p05}": {
            "count": 32,
            "rate": 0.03555540591584953,
            "thresholds": {
                "count>=0": false
            }
        },
        "attempts_measure_prompt{prompt_id:p13}": {
            "rate": 0.05444421530864459,
            "count": 49,
            "thresholds": {
                "count>=0": false
            }
        },
        "errors_non_timeout_measure_prompt{prompt_id:p04}": {
            "count": 0,
            "rate": 0,
            "thresholds": {
                "count>=0": false
            }
        },
        "timeouts_measure_prompt{prompt_id:p02}": {
            "count": 21,
            "rate": 0.023333235132276253,
            "thresholds": {
                "count>=0": false
            }
        },
        "timeouts_measure_prompt{prompt_id:p11}": {
            "count": 19,
            "rate": 0.02111102226253566,
            "thresholds": {
                "count>=0": false
            }
        },
        "http_req_blocked": {
            "avg": 0.4802681458094151,
            "min": 0.00894,
            "med": 0.466193,
            "max": 6.128815,
            "p(90)": 0.679419,
            "p(95)": 0.7239439999999999
        },
        "http_req_receiving": {
            "avg": 0.17915986796785321,
            "min": 0,
            "med": 0.239836,
            "max": 1.690936,
            "p(90)": 0.307093,
            "p(95)": 0.3197005
        },
        "errors_non_timeout_measure_prompt{prompt_id:p07}": {
            "count": 0,
            "rate": 0,
            "thresholds": {
                "count>=0": false
            }
        },
        "timeouts_measure_prompt{prompt_id:p01}": {
            "count": 18,
            "rate": 0.01999991582766536,
            "thresholds": {
                "count>=0": false
            }
        },
        "errors_non_timeout_measure_prompt{prompt_id:p15}": {
            "count": 0,
            "rate": 0,
            "thresholds": {
                "count>=0": false
            }
        },
        "errors_non_timeout_measure_prompt{prompt_id:p13}": {
            "count": 0,
            "rate": 0,
            "thresholds": {
                "count>=0": false
            }
        },
        "successes_measure_prompt": {
            "count": 462,
            "rate": 0.5133311729100776
        },
        "attempts_measure_prompt{prompt_id:p08}": {
            "count": 49,
            "rate": 0.05444421530864459,
            "thresholds": {
                "count>=0": false
            }
        },
        "successes_measure_prompt{prompt_id:p11}": {
            "rate": 0.03222208661123864,
            "count": 29,
            "thresholds": {
                "count>=0": false
            }
        },
        "errors_non_timeout_measure_prompt{prompt_id:p11}": {
            "count": 0,
            "rate": 0,
            "thresholds": {
                "count>=0": false
            }
        },
        "iteration_duration": {
            "avg": 67608.07671779,
            "min": 4494.940031,
            "med": 53757.157619,
            "max": 120003.250672,
            "p(90)": 120001.39201,
            "p(95)": 120001.585563
        },
        "http_reqs": {
            "count": 871,
            "rate": 0.9677737047720294
        },
        "http_req_tls_handshaking": {
            "p(95)": 0,
            "avg": 0,
            "min": 0,
            "med": 0,
            "max": 0,
            "p(90)": 0
        },
        "http_5xx_measure": {
            "count": 1,
            "rate": 0.001111106434870298
        },
        "errors_non_timeout_measure_prompt{prompt_id:p14}": {
            "count": 1,
            "rate": 0.001111106434870298,
            "thresholds": {
                "count>=0": false
            }
        },
        "successes_measure_prompt{prompt_id:p06}": {
            "count": 32,
            "rate": 0.03555540591584953,
            "thresholds": {
                "count>=0": false
            }
        },
        "errors_non_timeout_measure_prompt{prompt_id:p02}": {
            "count": 0,
            "rate": 0,
            "thresholds": {
                "count>=0": false
            }
        },
        "timeouts_measure_prompt{prompt_id:p06}": {
            "count": 16,
            "rate": 0.017777702957924767,
            "thresholds": {
                "count>=0": false
            }
        },
        "http_req_waiting": {
            "p(95)": 120000.227678,
            "avg": 67606.36326764294,
            "min": 4492.979297,
            "med": 53755.138845,
            "max": 120001.716251,
            "p(90)": 120000.01952
        },
        "successes_measure_prompt{prompt_id:p14}": {
            "count": 31,
            "rate": 0.03444429948097923,
            "thresholds": {
                "count>=0": false
            }
        },
        "successes_measure_prompt{prompt_id:p01}": {
            "count": 32,
            "rate": 0.03555540591584953,
            "thresholds": {
                "count>=0": false
            }
        },
        "errors_non_timeout_measure_prompt{prompt_id:p03}": {
            "count": 0,
            "rate": 0,
            "thresholds": {
                "count>=0": false
            }
        },
        "attempts_measure_prompt{prompt_id:p07}": {
            "count": 47,
            "rate": 0.052222002438904,
            "thresholds": {
                "count>=0": false
            }
        },
        "attempts_measure_prompt": {
            "count": 731,
            "rate": 0.8122188038901877
        },
        "attempts_measure_prompt{prompt_id:p05}": {
            "rate": 0.052222002438904,
            "count": 47,
            "thresholds": {
                "count>=0": false
            }
        },
        "attempts_measure_prompt{prompt_id:p12}": {
            "count": 47,
            "rate": 0.052222002438904,
            "thresholds": {
                "count>=0": false
            }
        },
        "checks": {
            "passes": 2632,
            "fails": 852,
            "value": 0.7554535017221584
        },
        "attempts_measure": {
            "count": 731,
            "rate": 0.8122188038901877
        },
        "attempts_measure_prompt{prompt_id:p14}": {
            "rate": 0.05555532174351489,
            "count": 50,
            "thresholds": {
                "count>=0": false
            }
        },
        "attempts_measure_prompt{prompt_id:p15}": {
            "count": 51,
            "rate": 0.05666642817838519,
            "thresholds": {
                "count>=0": false
            }
        },
        "iterations": {
            "rate": 0.9677737047720294,
            "count": 871
        },
        "timeouts_measure_prompt{prompt_id:p04}": {
            "count": 19,
            "rate": 0.02111102226253566,
            "thresholds": {
                "count>=0": false
            }
        },