{
    "metrics": {
        "http_reqs": {
            "count": 1126,
            "rate": 1.251097427861323
        },
        "http_req_waiting": {
            "max": 120002.422644,
            "p(90)": 120000.158645,
            "p(95)": 120000.344684,
            "avg": 88745.08648489336,
            "min": 4228.105709,
            "med": 119999.6413775
        },
        "errors_non_timeout_measure_prompt{prompt_id:p10}": {
            "count": 1,
            "rate": 0.0011110989590242654,
            "thresholds": {
                "count>=0": false
            }
        },
        "timeouts_measure_prompt{prompt_id:p11}": {
            "rate": 0.047777255238043416,
            "count": 43,
            "thresholds": {
                "count>=0": false
            }
        },
        "timeouts_measure": {
            "rate": 0.6688815733326078,
            "count": 602
        },
        "attempts_measure_prompt{prompt_id:p06}": {
            "count": 67,
            "rate": 0.07444363025462579,
            "thresholds": {
                "count>=0": false
            }
        },
        "http_req_blocked": {
            "max": 6.187999,
            "p(90)": 0.6640984999999999,
            "p(95)": 0.77240625,
            "avg": 0.40910399023090593,
            "min": 0.007194,
            "med": 0.45205649999999997
        },
        "errors_non_timeout_measure_prompt{prompt_id:p05}": {
            "count": 0,
            "rate": 0,
            "thresholds": {
                "count>=0": false
            }
        },
        "attempts_measure_prompt{prompt_id:p04}": {
            "count": 65,
            "rate": 0.07222143233657725,
            "thresholds": {
                "count>=0": false
            }
        },
        "attempts_measure_prompt{prompt_id:p15}": {
            "count": 64,
            "rate": 0.07111033337755299,
            "thresholds": {
                "count>=0": false
            }
        },
        "errors_non_timeout_measure_prompt{prompt_id:p09}": {
            "count": 0,
            "rate": 0,
            "thresholds": {
                "count>=0": false
            }
        },
        "errors_non_timeout_measure_prompt{prompt_id:p06}": {
            "count": 0,
            "rate": 0,
            "thresholds": {
                "count>=0": false
            }
        },
        "timeouts_measure_prompt{prompt_id:p06}": {
            "count": 44,
            "rate": 0.04888835419706768,
            "thresholds": {
                "count>=0": false
            }
        },
        "attempts_measure_prompt{prompt_id:p11}": {
            "rate": 0.07444363025462579,
            "count": 67,
            "thresholds": {
                "count>=0": false
            }
        },
        "http_5xx_measure": {
            "count": 2,
            "rate": 0.002222197918048531
        },
        "errors_non_timeout_measure_prompt{prompt_id:p14}": {
            "rate": 0,
            "count": 0,
            "thresholds": {
                "count>=0": false
            }
        },
        "timeouts_measure_prompt{prompt_id:p15}": {
            "count": 40,
            "rate": 0.04444395836097061,
            "thresholds": {
                "count>=0": false
            }
        },
        "dropped_iterations": {
            "count": 91,
            "rate": 0.10111000527120816
        },
        "attempts_measure_prompt": {
            "count": 980,
            "rate": 1.08887697984378
        },
        "errors_non_timeout_measure_prompt{prompt_id:p03}": {
            "count": 0,
            "rate": 0,
            "thresholds": {
                "count>=0": false
            }
        },
        "timeouts_measure_prompt{prompt_id:p04}": {
            "count": 42,
            "rate": 0.04666615627901915,
            "thresholds": {
                "count>=0": false
            }
        },
        "timeouts_measure_prompt{prompt_id:p01}": {
            "count": 41,
            "rate": 0.04555505731999488,
            "thresholds": {
                "count>=0": false
            }
        },
        "errors_non_timeout_measure_prompt{prompt_id:p01}": {
            "rate": 0,
            "count": 0,
            "thresholds": {
                "count>=0": false
            }
        },
        "attempts_measure_prompt{prompt_id:p03}": {
            "count": 63,
            "rate": 0.06999923441852872,
            "thresholds": {
                "count>=0": false
            }
        },
        "iteration_duration": {
            "avg": 88746.63307675687,
            "min": 4230.386076,
            "med": 120001.0598025,
            "max": 120004.082802,
            "p(90)": 120001.5835705,
            "p(95)": 120001.8018075
        },
        "attempts_measure_prompt{prompt_id:p02}": {
            "count": 65,
            "rate": 0.07222143233657725,
            "thresholds": {
                "count>=0": false
            }
        },
        "errors_non_timeout_measure_prompt{prompt_id:p07}": {
            "count": 0,
            "rate": 0,
            "thresholds": {
                "count>=0": false
            }
        },
        "successes_measure_prompt{prompt_id:p09}": {
            "rate": 0.022221979180485307,
            "count": 20,
            "thresholds": {
                "count>=0": false
            }
        },
        "attempts_measure": {
            "count": 980,
            "rate": 1.08887697984378
        },
        "timeouts_measure_prompt{prompt_id:p08}": {
            "count": 33,
            "rate": 0.03666626564780076,
            "thresholds": {
                "count>=0": false
            }
        },
        "attempts_measure_prompt{prompt_id:p12}": {
            "count": 64,
            "rate": 0.07111033337755299,
            "thresholds": {
                "count>=0": false
            }
        },
        "timeouts_measure_prompt": {
            "count": 602,
            "rate": 0.6688815733326078
        },
        "vus": {
            "value": 159,
            "min": 2,
            "max": 160
        },
        "latency_measure_ms": {
            "avg": 44444.35312417023,
            "min": 4930.793659,
            "med": 33479.3872425,
            "max": 119936.91746,
            "p(90)": 95671.348537,
            "p(95)": 111240.7182495
        },
        "attempts_measure_prompt{prompt_id:p01}": {
            "count": 67,
            "rate": 0.07444363025462579,
            "thresholds": {
                "count>=0": false
            }
        },
        "errors_total_measure": {
            "count": 604,
            "rate": 0.6711037712506563
        },
        "timeouts_measure_prompt{prompt_id:p02}": {
            "count": 39,
            "rate": 0.04333285940194635,
            "thresholds": {
                "count>=0": false
            }
        },
        "timeouts_measure_prompt{prompt_id:p03}": {
            "count": 36,
            "rate": 0.03999956252487356,
            "thresholds": {
                "count>=0": false
            }
        },
        "successes_measure_prompt": {
            "count": 376,
            "rate": 0.4177732085931238
        },
        "http_req_failed": {
            "passes": 672,
            "fails": 454,
            "thresholds": {
                "rate<1": false
            },
            "value": 0.5968028419182948
        },
        "errors_non_timeout_measure_prompt": {
            "count": 2,
            "rate": 0.002222197918048531
        },
        "successes_measure_prompt{prompt_id:p06}": {
            "count": 23,
            "rate": 0.025555276057558106,
            "thresholds": {
                "count>=0": false
            }
        },
        "attempts_measure_prompt{prompt_id:p08}": {
            "rate": 0.07222143233657725,
            "count": 65,
            "thresholds": {
                "count>=0": false
            }
        },
        "iterations": {
            "count": 1126,