{
    "metrics": {
        "timeouts_measure": {
            "count": 821,
            "rate": 0.9122156514203785
        },
        "iteration_duration": {
            "p(95)": 120001.7920455,
            "avg": 120001.27743316568,
            "min": 120000.706771,
            "med": 120001.225352,
            "max": 120002.499402,
            "p(90)": 120001.674995
        },
        "attempts_measure_prompt{prompt_id:p11}": {
            "count": 55,
            "rate": 0.06111067092341147,
            "thresholds": {
                "count>=0": false
            }
        },
        "attempts_measure_prompt{prompt_id:p14}": {
            "count": 54,
            "rate": 0.05999956781571308,
            "thresholds": {
                "count>=0": false
            }
        },
        "timeouts_measure_prompt{prompt_id:p15}": {
            "count": 55,
            "rate": 0.06111067092341147,
            "thresholds": {
                "count>=0": false
            }
        },
        "timeouts_measure_prompt{prompt_id:p09}": {
            "count": 55,
            "rate": 0.06111067092341147,
            "thresholds": {
                "count>=0": false
            }
        },
        "attempts_measure_prompt": {
            "count": 821,
            "rate": 0.9122156514203785
        },
        "errors_total_measure": {
            "count": 821,
            "rate": 0.9122156514203785
        },
        "attempts_measure_prompt{prompt_id:p08}": {
            "count": 54,
            "rate": 0.05999956781571308,
            "thresholds": {
                "count>=0": false
            }
        },
        "successes_measure_prompt{prompt_id:p14}": {
            "count": 0,
            "rate": 0,
            "thresholds": {
                "count>=0": false
            }
        },
        "http_req_sending": {
            "avg": 0.08117375960482985,
            "min": 0.037645,
            "med": 0.076477,
            "max": 0.361504,
            "p(90)": 0.104554,
            "p(95)": 0.11541399999999999
        },
        "attempts_measure_prompt{prompt_id:p03}": {
            "count": 55,
            "rate": 0.06111067092341147,
            "thresholds": {
                "count>=0": false
            }
        },
        "errors_non_timeout_measure_prompt{prompt_id:p01}": {
            "rate": 0,
            "count": 0,
            "thresholds": {
                "count>=0": false
            }
        },
        "timeouts_measure_prompt{prompt_id:p08}": {
            "count": 54,
            "rate": 0.05999956781571308,
            "thresholds": {
                "count>=0": false
            }
        },
        "timeouts_measure_prompt{prompt_id:p03}": {
            "rate": 0.06111067092341147,
            "count": 55,
            "thresholds": {
                "count>=0": false
            }
        },
        "successes_measure_prompt{prompt_id:p02}": {
            "count": 0,
            "rate": 0,
            "thresholds": {
                "count>=0": false
            }
        },
        "data_sent": {
            "count": 717339,
            "rate": 797.0375921732557
        },
        "http_req_blocked": {
            "avg": 0.41519885510428073,
            "min": 0.213648,
            "med": 0.397054,
            "max": 6.454965,
            "p(90)": 0.491201,
            "p(95)": 0.530278
        },
        "attempts_measure_prompt{prompt_id:p04}": {
            "count": 55,
            "rate": 0.06111067092341147,
            "thresholds": {
                "count>=0": false
            }
        },
        "errors_non_timeout_measure_prompt{prompt_id:p06}": {
            "count": 0,
            "rate": 0,
            "thresholds": {
                "count>=0": false
            }
        },
        "timeouts_measure_prompt{prompt_id:p05}": {
            "count": 55,
            "rate": 0.06111067092341147,
            "thresholds": {
                "count>=0": false
            }
        },
        "timeouts_measure_prompt{prompt_id:p01}": {
            "count": 54,
            "rate": 0.05999956781571308,
            "thresholds": {
                "count>=0": false
            }
        },
        "http_req_receiving": {
            "p(95)": 0,
            "avg": 0,
            "min": 0,
            "med": 0,
            "max": 0,
            "p(90)": 0
        },
        "timeouts_measure_prompt{prompt_id:p04}": {
            "count": 55,
            "rate": 0.06111067092341147,
            "thresholds": {
                "count>=0": false
            }
        },
        "attempts_measure_prompt{prompt_id:p05}": {
            "count": 55,
            "rate": 0.06111067092341147,
            "thresholds": {
                "count>=0": false
            }
        },
        "successes_measure_prompt{prompt_id:p13}": {
            "count": 0,
            "rate": 0,
            "thresholds": {
                "count>=0": false
            }
        },
        "errors_non_timeout_measure_prompt{prompt_id:p07}": {
            "rate": 0,
            "count": 0,
            "thresholds": {
                "count>=0": false
            }
        },
        "attempts_measure_prompt{prompt_id:p01}": {
            "count": 54,
            "rate": 0.05999956781571308,
            "thresholds": {
                "count>=0": false
            }
        },
        "successes_measure_prompt{prompt_id:p03}": {
            "count": 0,
            "rate": 0,
            "thresholds": {
                "count>=0": false
            }
        },
        "timeouts_measure_prompt{prompt_id:p02}": {
            "count": 55,
            "rate": 0.06111067092341147,
            "thresholds": {
                "count>=0": false
            }
        },
        "errors_non_timeout_measure_prompt{prompt_id:p13}": {
            "count": 0,
            "rate": 0,
            "thresholds": {
                "count>=0": false
            }
        },
        "successes_measure_prompt{prompt_id:p09}": {
            "rate": 0,
            "count": 0,
            "thresholds": {
                "count>=0": false
            }
        },
        "http_req_duration": {
            "max": 120000.885709,
            "p(90)": 120000.416845,
            "p(95)": 120000.5349835,
            "avg": 120000.03363716908,
            "min": 119994.07739,
            "med": 119999.97754
        },
        "successes_measure_prompt{prompt_id:p07}": {
            "count": 0,
            "rate": 0,
            "thresholds": {
                "count>=0": false
            }
        },
        "errors_non_timeout_measure_prompt{prompt_id:p03}": {
            "count": 0,
            "rate": 0,
            "thresholds": {
                "count>=0": false
            }
        },
        "vus": {
            "value": 179,
            "min": 2,
            "max": 179
        },
        "errors_non_timeout_measure_prompt{prompt_id:p08}": {
            "count": 0,
            "rate": 0,
            "thresholds": {
                "count>=0": false
            }
        },
        "attempts_measure_prompt{prompt_id:p02}": {
            "count": 55,
            "rate": 0.06111067092341147,
            "thresholds": {
                "count>=0": false
            }
        },
        "http_non_200_measure": {
            "count": 821,
            "rate": 0.9122156514203785
        },
        "successes_measure_prompt": {
            "count": 0,
            "rate": 0
        },
        "successes_measure_prompt{prompt_id:p15}": {
            "count": 0,
            "rate": 0,
            "thresholds": {
                "count>=0": false
            }
        },
        "timeouts_measure_prompt{prompt_id:p10}": {
            "count": 55,
            "rate": 0.06111067092341147,
            "thresholds": {
                "count>=0": false
            }
        },
        "http_req_failed": {
            "passes": 911,
            "fails": 0,
            "value": 1
        },